Date,Replicating_Portfolio
2020-09-15,100.0
2020-09-16,99.82846218636782
2020-09-17,98.93485882828145
2020-09-18,99.95772576122528
2020-09-21,97.1500677006665
2020-09-22,96.45808223745459
2020-09-23,96.25735416428552
2020-09-24,96.3625964889969
2020-09-25,97.0591288758339
2020-09-28,98.39660411347174
2020-09-29,98.19912426655165
2020-09-30,99.35955323475015
2020-10-01,98.67901099329835
2020-10-02,98.29971117005172
2020-10-05,99.79284167284307
2020-10-06,98.52968579651052
2020-10-07,99.75397131328268
2020-10-08,100.72679407004209
2020-10-09,101.70761543608809
2020-10-12,102.43359695338424
2020-10-13,100.23243256030916
2020-10-14,99.97513845172212
2020-10-15,99.81139768842245
2020-10-16,100.24985737439937
2020-10-19,97.87871773442798
2020-10-20,98.12223133758236
2020-10-21,97.58010192131906
2020-10-22,98.93816967192546
2020-10-23,99.22117340075602
2020-10-26,97.99954915969579
2020-10-27,97.15744337087604
2020-10-28,94.02008008839657
2020-10-29,93.53305479067426
2020-10-30,93.67584484191825
2020-11-02,94.98538062719501
2020-11-03,95.5574624897577
2020-11-04,95.36232953896379
2020-11-05,96.42659917013059
2020-11-06,97.45264928618683
2020-11-09,102.4548238198744
2020-11-10,103.5419602865739
2020-11-11,102.91656416744851
2020-11-12,102.88175735553922
2020-11-13,103.88247244439587
2020-11-16,105.07259574774037
2020-11-17,104.02276756892141
2020-11-18,102.78834806166667
2020-11-19,102.73225764916668
2020-11-20,102.10730170254848
2020-11-23,102.01881662134411
2020-11-24,103.17945616589263
2020-11-25,102.80316591429914
2020-11-27,102.80174265031208
2020-11-30,102.45398006298623
2020-12-01,104.33102347098755
2020-12-02,105.18972326125005
2020-12-03,105.47914275616093
2020-12-04,106.39237523875487
2020-12-07,105.59938766702206
2020-12-08,107.00431413750105
2020-12-09,107.63065662715196
2020-12-10,107.01012354257017
2020-12-11,107.23315638300967
2020-12-14,104.89044943175307
2020-12-15,106.1225961016577
2020-12-16,105.7159523184667
2020-12-17,107.61477623224648
2020-12-18,107.96494706184025
2020-12-21,108.12028151598406
2020-12-22,107.55952915223487
2020-12-23,107.86659924189088
2020-12-24,108.03282138574006
2020-12-28,108.59236865837404
2020-12-29,109.03000024203266
2020-12-30,110.12566742081822
2020-12-31,111.20089243785739
2021-01-04,110.4748592989802
2021-01-05,111.60444305675085
2021-01-06,113.66655056393141
2021-01-07,114.88189228582362
2021-01-08,114.73762698327779
2021-01-11,114.81486408252469
2021-01-12,114.61736773380777
2021-01-13,114.51693729299537
2021-01-14,116.16839962025126
2021-01-15,115.43860009484206
2021-01-19,116.63579736719105
2021-01-20,115.97793821144991
2021-01-21,115.38588766015367
2021-01-22,116.1358590776967
2021-01-25,117.07677465885348
2021-01-26,119.36679770778517
2021-01-27,117.17881688148569
2021-01-28,118.34579170080119
2021-01-29,114.81311041810368
2021-02-01,114.79231305296221
2021-02-02,114.86761632168358
2021-02-03,114.79478961041065
2021-02-04,116.25849423454075
2021-02-05,117.51574448881244
2021-02-08,118.2303442649227
2021-02-09,118.83198320156684
2021-02-10,119.13782745963076
2021-02-11,118.65320094102802
2021-02-12,119.35590551447538
2021-02-16,119.27790913223365
2021-02-17,119.68986194483702
2021-02-18,119.83774484054639
2021-02-19,118.88338935901466
2021-02-22,119.12772741966207
2021-02-23,118.61585312723356
2021-02-24,120.3408718090997
2021-02-25,119.98616539489244
2021-02-26,116.8128244428703
2021-03-01,117.98973063978343
2021-03-02,117.72323323760935
2021-03-03,116.83897397020662
2021-03-04,114.64034132054628
2021-03-05,116.34543740748832
2021-03-08,117.4737896012764
2021-03-09,117.40351298914645
2021-03-10,118.89138746469139
2021-03-11,118.71227775278844
2021-03-12,119.35227794697727
2021-03-15,119.62606439269496
2021-03-16,119.73819622339082
2021-03-17,119.7543063643004
2021-03-18,120.14201527394772
2021-03-19,119.37231238777935
2021-03-22,118.72532303775836
2021-03-23,118.32076320036285
2021-03-24,119.40878016571229
2021-03-25,119.85505145387697
2021-03-26,121.9922343340909
2021-03-29,122.072435067174
2021-03-30,121.9044280932294
2021-03-31,121.06676271125144
2021-04-01,120.56651455782921
2021-04-05,121.06404134998931
2021-04-06,120.80950663277618
2021-04-07,121.44353629460277
2021-04-08,121.14024232121336
2021-04-09,120.46524076481097
2021-04-12,120.60382712661188
2021-04-13,119.04052069871868
2021-04-14,118.65583002577034
2021-04-15,119.11579733087616
2021-04-16,120.35484700051163
2021-04-19,120.45667586149116
2021-04-20,121.76629200866003
2021-04-21,122.09947871438828
2021-04-22,120.6570057795967
2021-04-23,121.44833765873528
2021-04-26,120.77503509119028
2021-04-27,120.41819915187888
2021-04-28,119.98410212958076
2021-04-29,121.81703536263859
2021-04-30,120.72846670024313
2021-05-03,121.96551904317649
2021-05-04,123.80010447995043
2021-05-05,123.86369804766984
2021-05-06,124.9080949754843
2021-05-07,125.43559853123705
2021-05-10,126.3835073050862
2021-05-11,125.05748635772825
2021-05-12,124.45649192735029
2021-05-13,126.27712209820922
2021-05-14,126.9585548455753
2021-05-17,127.1924296888422
2021-05-18,126.72412993732335
2021-05-19,126.25754060997552
2021-05-20,126.72970186740685
2021-05-21,127.0653559557484
2021-05-24,127.60711770818637
2021-05-25,126.98804166516335
2021-05-26,126.43699487942051
2021-05-27,126.83993393820784
2021-05-28,127.05441013764342
2021-06-01,125.43122755107062
2021-06-02,125.79605914556285
2021-06-03,125.73318135026503
2021-06-04,125.75356703563881
2021-06-07,124.9735861499348
2021-06-08,124.0462559265586
2021-06-09,124.79270738376309
2021-06-10,125.05121982904673
2021-06-11,123.87992441900026
2021-06-14,123.51496150277336
2021-06-15,122.52294463022719
2021-06-16,122.7256402893212
2021-06-17,122.18021040185931
2021-06-18,119.59783895620399
2021-06-21,121.14623607518973
2021-06-22,120.97968255904767
2021-06-23,120.64015805395152
2021-06-24,121.34060080661676
2021-06-25,122.12757620118387
2021-06-28,122.08513535398382
2021-06-29,122.04956833942077
2021-06-30,122.73595960570917
2021-07-01,123.72864212796516
2021-07-02,125.33086518762
2021-07-06,124.21560366731798
2021-07-07,125.03414016894628
2021-07-08,124.28045953817903
2021-07-09,125.69128221301462
2021-07-12,126.029028630858
2021-07-13,125.40540574271945
2021-07-14,125.91290274637961
2021-07-15,124.87698360194733
2021-07-16,123.96045134164675
2021-07-19,122.22804513956886
2021-07-20,123.67252555988073
2021-07-21,124.91903401351748
2021-07-22,124.76547777789118
2021-07-23,125.68232413441528
2021-07-26,125.94478811143746
2021-07-27,126.32905918436832
2021-07-28,126.12346701751132
2021-07-29,126.405568360665
2021-07-30,126.1516753167785
2021-08-02,126.05720354335789
2021-08-03,127.57802753903887
2021-08-04,126.66239699333045
2021-08-05,127.25551463139327
2021-08-06,127.88552031734984
2021-08-09,128.1734118326606
2021-08-10,128.62470774828338
2021-08-11,129.05325522229376
2021-08-12,129.94778984078613
2021-08-13,130.12342034661904
2021-08-16,130.7562476347049
2021-08-17,131.2219532723613
2021-08-18,129.6774521945478
2021-08-19,130.14237634335203
2021-08-20,130.70878552206153
2021-08-23,130.71914843061998
2021-08-24,129.7207802984197
2021-08-25,129.7943851998521
2021-08-26,129.46809553618456
2021-08-27,129.5486987160663
2021-08-30,129.37982066943414
2021-08-31,128.98489295956753
2021-09-01,129.26715436767608
2021-09-02,130.07573021518903
2021-09-03,129.92514543330947
2021-09-07,128.38326617040767
2021-09-08,128.0004368838324
2021-09-09,126.06462055562329
2021-09-10,125.06851469094534
2021-09-13,124.97392934452151
2021-09-14,123.82396330555368
2021-09-15,124.39808459121666
2021-09-16,124.27398891374078
2021-09-17,123.9291018399053
2021-09-20,122.39299787503909
2021-09-21,122.7893887891406
2021-09-22,123.0984887770068
2021-09-23,124.7484886197511
2021-09-24,124.8798485989965
2021-09-27,125.08686274180725
2021-09-28,124.69549350357028
2021-09-29,125.32619264365343
2021-09-30,123.4635487982273
2021-10-01,123.64916012981362
2021-10-04,122.92941636940834
2021-10-05,123.71708245686764
2021-10-06,123.97536157862092
2021-10-07,124.98764307702147
2021-10-08,124.79275390997563
2021-10-11,123.64094553696147
2021-10-12,121.96749737863416
2021-10-13,121.83791902076803
2021-10-14,122.8726699600936
2021-10-15,124.20612786251475
2021-10-18,123.55049926966754
2021-10-19,126.03349677267062
2021-10-20,126.4800414257645
2021-10-21,125.98056679875053
2021-10-22,126.65257978753543
2021-10-25,126.66523069359442
2021-10-26,127.67503450796511
2021-10-27,125.80113541766224
2021-10-28,125.86883316474898
2021-10-29,125.78255350616958
2021-11-01,125.83917154567506
2021-11-02,127.38488862558881
2021-11-03,127.10936712362574
2021-11-04,126.36987108309165
2021-11-05,125.68035958241903
2021-11-08,125.59593220964777
2021-11-09,125.12045875516478
2021-11-10,126.04392531869225
2021-11-11,125.38282869392957
2021-11-12,126.28093535226554
2021-11-15,125.40409482817199
2021-11-16,124.67926160284799
2021-11-17,124.81714508530229
2021-11-18,124.02794171394258
2021-11-19,123.82978480485468
2021-11-22,123.41109668257589
2021-11-23,124.81170982327502
2021-11-24,124.27689504518492
2021-11-26,122.60877060672794
2021-11-29,122.7573808595887
2021-11-30,120.1397125340301
2021-12-01,121.11291841884949
2021-12-02,121.29508094551576
2021-12-03,121.91276511768488
2021-12-06,124.2722450768371
2021-12-07,125.02859905071423
2021-12-08,125.15965589165143
2021-12-09,125.96011798408092
2021-12-10,125.59567625775118
2021-12-13,126.8032688415331
2021-12-14,128.0759274637068
2021-12-15,128.28204732931044
2021-12-16,129.84619844183874
2021-12-17,126.4294658301898
2021-12-20,125.55074977399899
2021-12-21,125.72412375636777
2021-12-22,126.25192674373115
2021-12-23,126.54957680933042
2021-12-27,127.52435723113777
2021-12-28,128.0018652285309
2021-12-29,128.64211422083662
2021-12-30,129.04120952308583
2021-12-31,128.3331914381975
2022-01-03,129.32210641077265
2022-01-04,130.40822127459688
2022-01-05,130.3632539593517
2022-01-06,130.42200417291073
2022-01-07,132.0537819965037
2022-01-10,131.61753307477156
2022-01-11,130.64636683468163
2022-01-12,130.05476601398374
2022-01-13,129.44409386951196
2022-01-14,126.66899564352667
2022-01-18,124.80954316684928
2022-01-19,124.01061125851145
2022-01-20,123.00272326330291
2022-01-21,122.22782140154895
2022-01-24,121.15788793562207
2022-01-25,124.05903846508419
2022-01-26,124.77540550685725
2022-01-27,125.41346351713824
2022-01-28,126.35670943622989
2022-01-31,127.06779116687534
2022-02-01,126.85501426837573
2022-02-02,127.6251742181332
2022-02-03,127.34737000400413
2022-02-04,127.57575001340706
2022-02-07,127.37534404191155
2022-02-08,128.25447512776
2022-02-09,128.3862739796326
2022-02-10,127.10895248861983
2022-02-11,125.72587126946165
2022-02-14,124.25531337501413
2022-02-15,125.68230851517227
2022-02-16,125.68899640754339
2022-02-17,124.34589238987023
2022-02-18,123.52546742099679
2022-02-22,122.24157964364635
2022-02-23,121.5873007349805
2022-02-24,118.97909073989838
2022-02-25,124.06592524800112
2022-02-28,121.92207061720559
2022-03-01,120.43267296399804
2022-03-02,122.17949666451062
2022-03-03,123.30803998295698
2022-03-04,123.00533440483467
2022-03-07,123.37146034428116
2022-03-08,121.24644010060656
2022-03-09,122.72831678260775
2022-03-10,122.54682110750173
2022-03-11,121.72353802582256
2022-03-14,123.29543049645392
2022-03-15,126.25747916445475
2022-03-16,126.6639809445056
2022-03-17,128.30600471752015
2022-03-18,127.21386466428896
2022-03-21,127.6611389796738
2022-03-22,127.85555175668328
2022-03-23,126.86775783817966
2022-03-24,127.56409779112309
2022-03-25,128.76091368736994
2022-03-28,129.0323150978507
2022-03-29,129.05075723628528
2022-03-30,129.93068037869068
2022-03-31,127.70206549997913
2022-04-01,128.00979054253716
2022-04-04,127.19278993354939
2022-04-05,127.47428543174878
2022-04-06,129.61347062234034
2022-04-07,129.26567612672386
2022-04-08,129.9952665840188
2022-04-11,128.62918105944473
2022-04-12,128.33924639993802
2022-04-13,127.82040522761837
2022-04-14,127.14009311479404
2022-04-18,126.42218334119869
2022-04-19,130.00048288445618
2022-04-20,130.54907358744254
2022-04-21,130.03102213069567
2022-04-22,128.1974114312287
2022-04-25,130.65429995359779
2022-04-26,129.0909672027393
2022-04-27,127.31380836197827
2022-04-28,128.48880922161393
2022-04-29,125.95339446816234
2022-05-02,125.19058184932852
2022-05-03,125.56832506958327
2022-05-04,127.52242067169101
2022-05-05,124.92126400803795
2022-05-06,124.66187968398893
2022-05-09,124.77991890734052
2022-05-10,123.99042857366831
2022-05-11,123.29493937418641
2022-05-12,124.23264568815075
2022-05-13,123.90231609666895
2022-05-16,124.39715153269864
2022-05-17,125.67265473974325
2022-05-18,123.3788560996306
2022-05-19,122.12451191397511
2022-05-20,123.58681932852737
2022-05-23,127.18611621846973
2022-05-24,128.66362555266133
2022-05-25,127.87013816921994
2022-05-26,128.26806336963747
2022-05-27,129.57785217652042
2022-05-31,128.9241889367776
2022-06-01,127.40051253830283
2022-06-02,127.55200407419936
2022-06-03,126.73964238569975
2022-06-06,126.63340453762
2022-06-07,127.7856592554171
2022-06-08,126.73920310333092
2022-06-09,124.16210801718113
2022-06-10,122.2437283123432
2022-06-13,120.4901009784345
2022-06-14,118.60858060599197
2022-06-15,119.9065679585877
2022-06-16,119.51843177575056
2022-06-17,119.08575692772007
2022-06-21,121.6760675244855
2022-06-22,123.04788668844827
2022-06-23,124.9453378865851
2022-06-24,127.15766595816797
2022-06-27,126.85529501657493
2022-06-28,123.85565493977987
2022-06-29,123.76837559231909
2022-06-30,123.46191322014013
2022-07-01,124.89638043683647
2022-07-05,124.03426736668096
2022-07-06,123.96016726916697
2022-07-07,124.70286064857471
2022-07-08,124.5003770535642
2022-07-11,124.20444764399697
2022-07-12,122.84108234475829
2022-07-13,122.37686094402584
2022-07-14,121.63735454571179
2022-07-15,124.15790086520424
2022-07-18,121.67834170957997
2022-07-19,120.88646532177049
2022-07-20,120.33795840704467
2022-07-21,120.8451502640544
2022-07-22,121.1698332269961
2022-07-25,121.46126530204984
2022-07-26,121.73678846141537
2022-07-27,121.87655798149953
2022-07-28,122.3357188051263
2022-07-29,122.63614777196128
2022-08-01,122.04081606197873
2022-08-02,121.09389202145321
2022-08-03,122.2843919013171
2022-08-04,120.45093357338041
2022-08-05,120.83232324367457
2022-08-08,120.01242224680468
2022-08-09,120.23120286986142
2022-08-10,121.17508145258125
2022-08-11,119.60595460518486
2022-08-12,119.02862524723977
2022-08-15,119.5408547612619
2022-08-16,120.62365790296444
2022-08-17,120.39706798908608
2022-08-18,119.73533913692164
2022-08-19,120.47362836065427
2022-08-22,119.70640840872642
2022-08-23,118.63372246749073
2022-08-24,118.38881952615633
2022-08-25,119.86892021927721
2022-08-26,117.40445827405051
2022-08-29,116.6321569294977
2022-08-30,116.31806567286559
2022-08-31,115.55707800149307
2022-09-01,117.96676034729526
2022-09-02,116.33505357787843
2022-09-06,116.58767597452668
2022-09-07,117.56724528861838
2022-09-08,118.9076074558302
2022-09-09,119.2136849355359
2022-09-12,119.48926535685976
2022-09-13,116.1452214391342
2022-09-14,117.94609902186666
2022-09-15,118.57140444178624
2022-09-16,119.80350816566259
2022-09-19,119.30681797657815
2022-09-20,118.05461039750232
2022-09-21,116.3645731154285
2022-09-22,117.69965407001112
2022-09-23,117.53943552884043
2022-09-26,116.44481524311175
2022-09-27,115.81026406051706
2022-09-28,117.08155740295457
2022-09-29,115.650310934338
2022-09-30,114.62588477634189
2022-10-03,115.25740956028507
2022-10-04,117.73486039366054
2022-10-05,117.13906344576135
2022-10-06,114.84391279939399
2022-10-07,113.401761744662
2022-10-10,113.29618505923739
2022-10-11,113.91045212431767
2022-10-12,114.25967677284336
2022-10-13,116.93171009741096
2022-10-14,116.95595827850538
2022-10-17,119.19807224136797
2022-10-18,119.54501177322368
2022-10-19,118.28255323451384
2022-10-20,118.4317111827639
2022-10-21,121.81746699309747
2022-10-24,123.11993192708466
2022-10-25,123.04108809129208
2022-10-26,124.1969966561442
2022-10-27,124.36320166080596
2022-10-28,126.12728602912044
2022-10-31,125.57923609866045
2022-11-01,125.59860702291147
2022-11-02,123.84621135995367
2022-11-03,124.06009699387779
2022-11-04,125.26853595874076
2022-11-07,126.26226059526496
2022-11-08,126.7609306475125
2022-11-09,125.59898359349701
2022-11-10,127.93051033056285
2022-11-11,125.06263628557596
2022-11-14,126.23626325123985
2022-11-15,126.28609258649207
2022-11-16,126.92464140748987
2022-11-17,127.57649175207506
2022-11-18,128.6181525937674
2022-11-21,128.94651284702013
2022-11-22,129.87279009765294
2022-11-23,130.30395683623607
2022-11-25,130.49188444148785
2022-11-28,130.0042663412574
2022-11-29,129.8044707411753
2022-11-30,131.2436715748563
2022-12-01,131.2230345905899
2022-12-02,131.05855500472768
2022-12-05,130.14880339058013
2022-12-06,128.69086147672834
2022-12-07,129.27244798060556
2022-12-08,129.60011755144671
2022-12-09,128.61672087727555
2022-12-12,130.2596260989689
2022-12-13,131.00097925900783
2022-12-14,131.15945308536655
2022-12-15,129.13718757449683
2022-12-16,127.93100548617168
2022-12-19,127.99752944793507
2022-12-20,128.24628913224913
2022-12-21,129.7079662076702
2022-12-22,129.00453709023978
2022-12-23,129.3972874267529
2022-12-27,129.4727569196929
2022-12-28,129.20176890093057
2022-12-29,129.8791658488189
2022-12-30,129.56549695653368
2023-01-03,130.6614164247164
2023-01-04,132.03643000670314
2023-01-05,131.28152021918703
2023-01-06,132.6847279736291
2023-01-09,129.92850568550674
2023-01-10,129.97129544248014
2023-01-11,130.04748280054923
2023-01-12,129.52071820387977
2023-01-13,129.99863996511905
2023-01-17,128.8953725267486
2023-01-18,126.4732527589678
2023-01-19,125.93097966581786
2023-01-20,125.56148282156727
2023-01-23,125.81642927477027
2023-01-24,126.08414141097846
2023-01-25,126.9111303340424
2023-01-26,126.75747704508042
2023-01-27,126.46334795393722
2023-01-30,122.68899469949638
2023-01-31,123.67605773205585
2023-02-01,124.4358690111062
2023-02-02,124.63716708225667
2023-02-03,124.60178659964754
2023-02-06,124.08695866700245
2023-02-07,124.50193155810905
2023-02-08,124.3909580971244
2023-02-09,122.64416510372769
2023-02-10,123.20668474219188
2023-02-13,123.89131865824454
2023-02-14,123.63483670171215
2023-02-15,122.26907977819334
2023-02-16,121.18426903560307
2023-02-17,123.13782495732406
2023-02-21,121.19166235201567
2023-02-22,120.82428128995983
2023-02-23,121.04775971908573
2023-02-24,120.3364973526136
2023-02-27,120.42290549707748
2023-02-28,119.35014623404052
2023-03-01,118.77776674135991
2023-03-02,118.37398654790134
2023-03-03,119.85105769060189
2023-03-06,120.53298320013181
2023-03-07,118.74733126815725
2023-03-08,117.92109199917213
2023-03-09,115.25422126637824
2023-03-10,116.2147528880346
2023-03-13,116.49178698989101
2023-03-14,117.74355435574789
2023-03-15,116.54429939872358
2023-03-16,116.92790113121423
2023-03-17,114.87240812009131
2023-03-20,116.02960994695543
2023-03-21,116.80321252290221
2023-03-22,114.42969819284895
2023-03-23,114.39786803201028
2023-03-24,114.82117433891712
2023-03-27,116.00161432296485
2023-03-28,115.25159675607068
2023-03-29,116.15473650290637
2023-03-30,116.13425039988905
2023-03-31,117.3776424063156
2023-04-03,118.39174860253698
2023-04-04,118.92612091075266
2023-04-05,123.00340545383112
2023-04-06,122.71077545092298
2023-04-10,122.33656850472447
2023-04-11,122.45228529842814
2023-04-12,122.24941290245873
2023-04-13,123.602190753743
2023-04-14,125.67619576428945
2023-04-17,125.8313993192217
2023-04-18,123.55026123355421
2023-04-19,124.37026399745564
2023-04-20,124.87141090019779
2023-04-21,124.30543608261974
2023-04-24,124.90975540272316
2023-04-25,125.059918014238
2023-04-26,123.05167227589932
2023-04-27,123.68309187517909
2023-04-28,124.35177106950121
2023-05-01,124.97190750381809
2023-05-02,125.26076749250345
2023-05-03,123.36480143853628
2023-05-04,122.5202878103757
2023-05-05,123.43092411217538
2023-05-08,123.29676735424748
2023-05-09,122.43200699072761
2023-05-10,122.78792010311795
2023-05-11,122.3157078532799
2023-05-12,121.75085366766804
2023-05-15,121.3123713219111
2023-05-16,120.98533172054101
2023-05-17,121.73135226093869
2023-05-18,121.68246257910465
2023-05-19,121.852928984159
2023-05-22,121.10478313806412
2023-05-23,120.74128757805686
2023-05-24,120.36984874617676
2023-05-25,119.16094860664465
2023-05-26,119.41709046656273
2023-05-30,119.54740397492131
2023-05-31,119.54113446119331
2023-06-01,119.67187125416953
2023-06-02,121.71975735114782
2023-06-05,122.17483203346181
2023-06-06,122.15209338401097
2023-06-07,122.65484352655271
2023-06-08,123.65721277986096
2023-06-09,123.5785230257338
2023-06-12,123.51344434180571
2023-06-13,124.22616627966917
2023-06-14,124.57305971707864
2023-06-15,126.17757252582282
2023-06-16,126.50186853988025
2023-06-20,126.27785887967622
2023-06-21,126.08713041746918
2023-06-22,126.45388473984272
2023-06-23,126.20705121700466
2023-06-26,125.22876543318975
2023-06-27,125.03697215030364
2023-06-28,124.70914150298545
2023-06-29,126.46653438612228
2023-06-30,127.73667435683852
2023-07-03,126.76548419470575
2023-07-05,126.23392199513196
2023-07-06,125.2140280160708
2023-07-07,124.13273483462335
2023-07-10,124.46763797364085
2023-07-11,124.48789207023228
2023-07-12,124.34197698930033
2023-07-13,124.92444420844024
2023-07-14,125.7366958367877
2023-07-17,126.11113517341464
2023-07-18,126.1698876147752
2023-07-19,126.1230442302238
2023-07-20,132.06318480444997
2023-07-21,132.82010674324707
2023-07-24,134.03030347391072
2023-07-25,134.50643121866727
2023-07-26,134.91119597682385
2023-07-27,135.06432710408367
2023-07-28,135.72016178759378
2023-07-31,131.99467764867217
2023-08-01,132.5914136149717
2023-08-02,132.76388019172936
2023-08-03,133.39930486962083
2023-08-04,132.41000709747058
2023-08-07,134.89789602203672
2023-08-08,134.74096924122694
2023-08-09,134.19703315005208
2023-08-10,133.63035786310215
2023-08-11,134.79423638912306
2023-08-14,134.6338554991838
2023-08-15,133.44140697715122
2023-08-16,132.9801070007693
2023-08-17,133.54569989122504
2023-08-18,132.75634066028786
2023-08-21,129.9397071403966
2023-08-22,128.46684691325694
2023-08-23,127.84422698562942
2023-08-24,128.13166723195846
2023-08-25,129.44139271367288
2023-08-28,128.4318819983764
2023-08-29,128.71961955326015
2023-08-30,128.2480177451394
2023-08-31,126.64804911113649
2023-09-01,126.07088108129253
2023-09-05,125.81292368102503
2023-09-06,124.22251960969342
2023-09-07,125.09848688215023
2023-09-08,125.42855028813507
2023-09-11,126.78101128997473
2023-09-12,127.74277699403557
2023-09-13,127.99464106015655
2023-09-14,128.50469386748355
2023-09-15,127.08674322628163
2023-09-18,127.74456732774989
2023-09-19,127.54558642667055
2023-09-20,127.80877342544912
2023-09-21,126.82301463108608
2023-09-22,125.83147091346044
2023-09-25,125.85920197703565
2023-09-26,124.7963222548379
2023-09-27,123.893824434426
2023-09-28,124.17827236283541
2023-09-29,122.93689573087353
2023-10-02,122.30414695557326
2023-10-03,122.16937108420258
2023-10-04,122.42021215579507
2023-10-05,123.49079591781323
2023-10-06,124.2884716517638
2023-10-09,124.72942500240121
2023-10-10,124.83001615017211
2023-10-11,123.69253958260147
2023-10-12,123.69994266880332
2023-10-13,124.50681502950624
2023-10-16,124.86301124028547
2023-10-17,123.96083716369628
2023-10-18,121.65324725400056
2023-10-19,121.2737210425215
2023-10-20,121.1220221256969
2023-10-23,119.74409946033703
2023-10-24,119.69153605662824
2023-10-25,119.70844300191824
2023-10-26,118.31427544343022
2023-10-27,115.18358777117706
2023-10-30,116.40698564352458
2023-10-31,117.5405439513062
2023-11-01,117.71396463714164
2023-11-02,119.18029908535803
2023-11-03,120.1791774657815
2023-11-06,120.63662048362808
2023-11-07,120.16042110878578
2023-11-08,120.00883689071074
2023-11-09,118.22446504232472
2023-11-10,118.62301769506624
2023-11-13,118.69075865337544
2023-11-14,119.32490096635803
2023-11-15,120.28185294105553
2023-11-16,121.42589081360195
2023-11-17,121.5653512833562
2023-11-20,122.43361241126657
2023-11-21,123.0606648848778
2023-11-22,122.97029472255203
2023-11-24,123.9926664390744
2023-11-27,123.20442155106387
2023-11-28,123.48845413685547
2023-11-29,123.9475393425245
2023-11-30,125.83360061606908
2023-12-01,128.16587342746428
2023-12-04,128.72236870283135
2023-12-05,128.52645852912673
2023-12-06,127.02290630326833
2023-12-07,126.42713279360572
2023-12-08,126.2603710756152
2023-12-11,126.76580962021849
2023-12-12,127.10094098814984
2023-12-13,127.64345014951493
2023-12-14,128.94889810697305
2023-12-15,128.24539688529458
2023-12-18,128.63960216090234
2023-12-19,129.74560877407663
2023-12-20,127.45614467450058
2023-12-21,128.5863823742538
2023-12-22,128.9225492619624
2023-12-26,129.54621785708997
2023-12-27,129.90217462382168
2023-12-28,130.24420067419877
2023-12-29,130.29054704150496
2024-01-02,132.62173839189575
2024-01-03,133.0273827773961
2024-01-04,133.09401579101137
2024-01-05,133.58447434697766
2024-01-08,133.75796516006363
2024-01-09,133.49859577381355
2024-01-10,133.72167196147473
2024-01-11,133.1363749858961
2024-01-12,133.5633744833142
2024-01-16,132.23223209368294
2024-01-17,131.9700469196177
2024-01-18,132.49913426515425
2024-01-19,133.4458869400381
2024-01-22,133.85708044325796
2024-01-23,132.05406680771247
2024-01-24,131.91378299412017
2024-01-25,132.83088159018484
2024-01-26,132.64209361112344
2024-01-29,132.6659655548836
2024-01-30,133.1500599123052
2024-01-31,132.77972006264903
2024-02-01,132.3197297118406
2024-02-02,131.5388407867443
2024-02-05,131.01569423726096
2024-02-06,132.46553648260053
2024-02-07,132.49617216345575
2024-02-08,131.4334526877496
2024-02-09,131.6911030794996
2024-02-12,132.50484126846465
2024-02-13,131.34801993348242
2024-02-14,131.33794828486413
2024-02-15,133.497460004992
2024-02-16,133.19631310148333
2024-02-20,134.12466879462121
2024-02-21,134.87654661598467
2024-02-22,136.41652947548258
2024-02-23,137.4429314054451
2024-02-26,136.68274714723003
2024-02-27,136.81471287768287
2024-02-28,137.3645861942656
2024-02-29,137.6573345874192
2024-03-01,137.90978722676115
2024-03-04,136.90267958444977
2024-03-05,137.4149362214571
2024-03-06,137.2757203761417
2024-03-07,136.61389397522777
2024-03-08,137.0751701460495
2024-03-11,138.09007271963978
2024-03-12,139.33355966045949
2024-03-13,138.735204617779
2024-03-14,136.8357885834169
2024-03-15,136.77799093405187
2024-03-18,136.49943517022714
2024-03-19,136.44192937104364
2024-03-20,136.77184469047825
2024-03-21,137.40300615702918
2024-03-22,136.52999237389704
2024-03-25,136.10412801308996
2024-03-26,136.63767139893847
2024-03-27,138.80093540741854
2024-03-28,139.11727285377924
2024-04-01,138.56046866934363
2024-04-02,138.51261578070296
2024-04-03,136.35555139408595
2024-04-04,134.97571053397286
2024-04-05,135.3339505544837
2024-04-08,135.10850358666366
2024-04-09,135.20514245266662
2024-04-10,133.59032564897808
2024-04-11,132.75752167343086
2024-04-12,129.0492409622785
2024-04-15,129.11357888440784
2024-04-16,126.78937537032996
2024-04-17,126.80725948930828
2024-04-18,127.64832280377668
2024-04-19,129.98344279648575
2024-04-22,131.53732265227563
2024-04-23,132.4350133542082
2024-04-24,132.0541636718713
2024-04-25,131.12362385587522
2024-04-26,130.75468301721597
2024-04-29,131.10249983702803
2024-04-30,129.43879519185074
2024-05-01,133.31533086769807
2024-05-02,132.53260164883253
2024-05-03,131.88310480692107
2024-05-06,131.829874987907
2024-05-07,131.85294152934136
2024-05-08,132.90259410775658
2024-05-09,133.86240476308484
2024-05-10,134.19550153840362
2024-05-13,134.9511209670482
2024-05-14,135.6970342452312
2024-05-15,136.5911721724527
2024-05-16,137.61587863570273
2024-05-17,138.37060538307765
2024-05-20,134.9550753742272
2024-05-21,135.8621448501082
2024-05-22,136.90859097044859
2024-05-23,134.34531353725288
2024-05-24,133.62771233814703
2024-05-28,131.81900901846925
2024-05-29,131.52809015959198
2024-05-30,132.30894729030746
2024-05-31,133.9017361877688
2024-06-03,134.34153281068177
2024-06-04,133.7525431710793
2024-06-05,132.2293034132879
2024-06-06,132.41206851224
2024-06-07,133.51409334627527
2024-06-10,133.46373809292942
2024-06-11,132.01370618364248
2024-06-12,130.55477190227754
2024-06-13,131.07824892676788
2024-06-14,131.15939569692299
2024-06-17,131.6823920131103
2024-06-18,131.9798885303329
2024-06-20,133.6257683252834
2024-06-21,133.64054622799839
2024-06-24,134.46389317551026
2024-06-25,133.1376139373046
2024-06-26,132.76958822326688
2024-06-27,132.5775006451086
2024-06-28,133.51466565313348
2024-07-01,134.42819871579198
2024-07-02,134.98015182026106
2024-07-03,134.74713130436587
2024-07-05,134.56317356826375
2024-07-08,134.0641602010235
2024-07-09,135.56899536250006
2024-07-10,137.0102060706228
2024-07-11,137.08653989939688
2024-07-12,136.6001406670097
2024-07-15,137.4293585909969
2024-07-16,139.31388290220846
2024-07-17,143.35993411804048
2024-07-18,141.0509536589579
2024-07-19,140.57402773538266
2024-07-22,140.4271039036121
2024-07-23,139.32627749769892
2024-07-24,141.22920503391757
2024-07-25,143.2260829700833
2024-07-26,144.65731133570952
2024-07-29,143.1047909417044
2024-07-30,145.7597338260452
2024-07-31,143.14703648758672
2024-08-01,143.7178597096194
2024-08-02,143.6260766829138
2024-08-05,140.92408200830945
2024-08-06,140.8657371140692
2024-08-07,140.83868410405026
2024-08-08,142.47955220565518
2024-08-09,143.12566916185116
2024-08-12,142.78208043755365
2024-08-13,142.31793612457076
2024-08-14,142.9137280094963
2024-08-15,143.58199999083033
2024-08-16,144.32972427222373
2024-08-19,144.82031274747476
2024-08-20,144.91282925463733
2024-08-21,145.67935876255947
2024-08-22,146.70004364706278
2024-08-23,148.1444088932858
2024-08-26,148.62994312242444
2024-08-27,148.61917028322605
2024-08-28,149.45650666885803
2024-08-29,149.85751518099312
2024-08-30,151.4356165980878
2024-09-03,151.1447001267886
2024-09-04,151.0344181891978
2024-09-05,149.22741644124508
2024-09-06,147.64545590288077
2024-09-09,149.99481236641492
2024-09-10,147.79650657638612
2024-09-11,146.6721371078174
2024-09-12,146.41667653693486
2024-09-13,146.40056154689532
2024-09-16,148.10797631762807
2024-09-17,148.48347716995445
2024-09-18,147.53182986266367
2024-09-19,147.4391536369783
2024-09-20,147.19161815692215
2024-09-23,146.71664346871935
2024-09-24,146.49105018914003
2024-09-25,144.86756394225182
2024-09-26,145.23938599110755
2024-09-27,145.4152409551866
2024-09-30,145.8917000061513
2024-10-01,144.94863648227275
2024-10-02,144.52124293169967
2024-10-03,143.63767027611476
2024-10-04,145.23224669180246
2024-10-07,144.7125767371518
2024-10-08,144.76474115184953
2024-10-09,145.9681724504408
2024-10-10,145.74740506390447
2024-10-11,148.5548140219436
2024-10-14,148.44552567939215
2024-10-15,150.14452476816274
2024-10-16,150.54808875444306
2024-10-17,150.84601771931176
2024-10-18,151.45713741280096
2024-10-21,149.53603896481707
2024-10-22,150.16974342560022
2024-10-23,151.43067271270792
2024-10-24,150.5044511848353
2024-10-25,148.21554469572834
2024-10-28,149.40007597664564
2024-10-29,147.88702779390582
2024-10-30,148.55402621134738
2024-10-31,147.51790896289185
2024-11-01,147.92026881425824
2024-11-04,146.04883835762152
2024-11-05,146.5201327695756
2024-11-06,152.3129817708964
2024-11-07,149.09484881134935
2024-11-08,148.4899453506621
2024-11-11,148.7833901873278
2024-11-12,147.42392039962948
2024-11-13,148.1597447322452
2024-11-14,147.515701470321
2024-11-15,149.5959710101146
2024-11-18,149.98620948039704
2024-11-19,148.47565602713624
2024-11-20,147.99240179640307
2024-11-21,150.35510588555252
2024-11-22,151.05930285670314
2024-11-25,151.83429226734896
2024-11-26,151.74635024583162
2024-11-27,152.2297758144478
2024-11-29,151.97996954131216
2024-12-02,151.03045399909334
2024-12-03,149.2319843991988
2024-12-04,147.76472241244213
2024-12-05,147.6906008504408
2024-12-06,148.01145080984523
2024-12-09,147.34188506807806
2024-12-10,146.89507442295167
2024-12-11,145.5055528803336
2024-12-12,144.79149373293984
2024-12-13,144.64114764263653
2024-12-16,142.89942811366822
2024-12-17,144.14041767876367
2024-12-18,141.2506366353026
2024-12-19,141.16606052878512
2024-12-20,142.79998754552474
2024-12-23,143.46590231704607
2024-12-24,144.74351495657095
2024-12-26,144.77915261590948
2024-12-27,143.9944897619342
2024-12-30,142.53274450541042
2024-12-31,143.39069598323823
2025-01-02,143.10079480981446
2025-01-03,143.98130018861758
2025-01-06,143.38275930870915
2025-01-07,145.4731281601393
2025-01-08,143.09582027359565
2025-01-10,142.19217162378519
2025-01-13,144.66902496178687
2025-01-14,145.61453846568838
2025-01-15,146.91081408042453
2025-01-16,149.04325486732003
2025-01-17,149.76793532001696
2025-01-21,151.36128025195288
2025-01-22,149.593916095597
2025-01-23,151.15536430049966
2025-01-24,150.9980577561115
2025-01-27,154.86849484610985
2025-01-28,153.675623195875
2025-01-29,154.00234075039333
2025-01-30,155.4245825384396
2025-01-31,154.77211573694998
2025-02-03,154.487751234837
2025-02-04,155.72608256057592
2025-02-05,157.03791179266307
2025-02-06,157.87659323904035
2025-02-07,157.38085583214388
2025-02-10,156.91442425520972
2025-02-11,158.98727208962518
2025-02-12,158.57687990921357
2025-02-13,159.9743897418609
2025-02-14,159.38110616062042
2025-02-18,160.23128549508505
2025-02-19,161.81206095708797
2025-02-20,159.91935797540376
2025-02-21,160.8874475487266
2025-02-24,161.0631790325799
2025-02-25,161.5391413427042
2025-02-26,160.0567752412269
2025-02-27,160.51057870844707
2025-02-28,162.62466296692904
2025-03-03,163.02490871714784
2025-03-04,159.42879176516618
2025-03-05,159.55348017486457
2025-03-06,158.7904035937541
2025-03-07,158.29196789420305
2025-03-10,156.4996063702641
2025-03-11,154.6554967951201
2025-03-12,152.5453929950902
2025-03-13,151.9829578050131
2025-03-14,153.60487194554773
2025-03-17,153.97858878022208
2025-03-18,155.07663437255212
2025-03-19,155.30534709127414
2025-03-20,155.29955635083263
2025-03-21,156.2925431335698
2025-03-24,157.62231935447508
2025-03-25,156.98691837986036
2025-03-26,157.38493832477596
2025-03-27,157.54020974199713
2025-03-28,156.6319531303714
2025-03-31,158.5004718901059
2025-04-01,150.52097090750766
2025-04-02,152.30822198749198
2025-04-03,150.90775297243883
2025-04-04,142.85702961904806
2025-04-07,142.2769471373862
2025-04-08,142.48682810469595
2025-04-09,147.26683222250446
2025-04-10,144.15639960254518
2025-04-11,148.17156026135754
2025-04-14,149.40125781039188
2025-04-15,148.57343265289163
2025-04-16,147.90289167985833
2025-04-17,150.61288243581967
2025-04-21,149.56814478470415
2025-04-22,151.65336764619585
2025-04-23,151.4953360238875
2025-04-24,152.12706421598293
2025-04-25,151.6543669581157
2025-04-28,152.03920126386387
2025-04-29,152.71292172614466
2025-04-30,152.9540028715419
2025-05-01,152.38413928581863
2025-05-02,154.73425393109622
2025-05-05,154.07123122679215
2025-05-06,152.9569078338069
2025-05-07,154.69619317850749
2025-05-08,154.68755650364733
2025-05-09,153.72600165588787
2025-05-12,155.35160241135725
2025-05-13,152.6270180050475
2025-05-14,152.00498172574294
2025-05-15,154.4080363741252
2025-05-16,155.46151024347043
2025-05-19,155.51706134567937
2025-05-20,156.41434495467198
2025-05-21,155.01076083719886
2025-05-22,154.57836466944588
2025-05-23,154.78686256846441
2025-05-27,156.8654148804471
2025-05-28,155.93467936533253
2025-05-29,156.84507451932075
2025-05-30,157.74706039480733
2025-06-02,158.0210423942556
2025-06-03,157.8119625694601
2025-06-04,156.5902157418029
2025-06-05,156.31255295121775
2025-06-06,158.05309609714422
2025-06-09,158.41720591104163
2025-06-10,159.60549851315997
2025-06-11,158.7740580029574
2025-06-12,159.64669640773494
2025-06-13,159.1240764847609
2025-06-16,159.2804649556799
2025-06-17,157.35238117252675
2025-06-18,157.41564436299865
2025-06-20,157.0939935367711
2025-06-23,158.8093308971801
2025-06-24,160.0562265726094
2025-06-25,160.78334181800963
2025-06-26,161.7455052271858
2025-06-27,161.5948170191759
2025-06-30,162.4739124731076
2025-07-01,164.5209388941269
2025-07-02,164.68394479687484
2025-07-03,166.26052840852026
2025-07-07,164.8382479400926
2025-07-08,162.93674860391232
2025-07-09,163.3263073165817
2025-07-10,165.3971667896897
2025-07-11,164.59600943449266
2025-07-14,164.9913931270002
2025-07-15,163.46958617890274
2025-07-16,169.13510541673162
2025-07-17,169.02544516016687
2025-07-18,169.79369937510802
2025-07-21,170.12251160663862
2025-07-22,172.40362123242744
2025-07-23,174.4009960393722
2025-07-24,174.62992941913532
2025-07-25,174.36351759708631
2025-07-28,173.01709345226925
2025-07-29,173.8667639357061
2025-07-30,173.97503703296888
2025-07-31,171.62518194028638
2025-08-01,171.54181004195695
2025-08-04,174.9769959820749
2025-08-05,174.09727441888174
2025-08-06,174.0012577542483
2025-08-07,173.5085058332457
2025-08-08,175.04186096641027
2025-08-11,175.5327625618184
2025-08-12,175.69445643961097
2025-08-13,176.131542373025
2025-08-14,177.18984530546484
2025-08-15,177.47136969685454
2025-08-18,177.48525552460464
2025-08-19,178.21752906374365
2025-08-20,179.2309782295141
2025-08-21,179.099882025953
2025-08-22,180.4697354437663
2025-08-25,179.61146291899226
2025-08-26,180.11740929174334
2025-08-27,180.4724266102633
2025-08-28,180.08383675325427
2025-08-29,181.22151304794772
2025-09-02,181.35144763217184
2025-09-03,181.2688601738785
2025-09-04,182.77425390464467
2025-09-05,180.29426603690442
2025-09-08,179.7558548745748
2025-09-09,180.23146906682885
2025-09-10,180.16413844084292
2025-09-11,183.03491849866163
